"name";"category";"Fire";"Poise";"weight"
"Alberich's Bracers";"Gauntlets";2;0;1.4
"Alberich's Pointed Hat";"Helm";4;0;1.7
"Alberich's Pointed Hat (altered)";"Helm";3;0;1.0
"Alberich's Robe";"Chest Armor";11;1;4.1
"Alberich's Robe (altered)";"Chest Armor";11;0;3.2
"Alberich's Trousers";"Leg Armor";6;1;2.5
"All-knowing Armor";"Chest Armor";9;16;10.6
"All-knowing Armor (altered)";"Chest Armor";8;0;9.3
"All-knowing Gauntlets";"Gauntlets";2;4;3.5
"All-knowing Greaves";"Leg Armor";5;10;6.6
"All-knowing Helm";"Helm";3;5;4.6
"Aristocrat Boots";"Leg Armor";3;0;2.9
"Aristocrat Coat";"Chest Armor";11;3;7.1
"Aristocrat Garb";"Chest Armor";6;0;4.9
"Aristocrat Garb (altered)";"Chest Armor";6;0;4.1
"Aristocrat Hat";"Helm";4;1;3.0
"Aristocrat Headband";"Helm";4;0;1.2
"Ash-of-war Scarab";"Helm";4;2;5.1
"Astrologer Gloves";"Gauntlets";3;1;1.4
"Astrologer Hood";"Helm";4;1;1.7
"Astrologer Robe";"Chest Armor";13;5;6.3
"Astrologer Robe (altered)";"Chest Armor";12;0;5.3
"Astrologer Trousers";"Leg Armor";7;3;3.9
"Azur's Glintstone Crown";"Helm";4;2;3.6
"Azur's Glintstone Robe";"Chest Armor";12;3;7.1
"Azur's Manchettes";"Gauntlets";2;0;1.1
"Bandit Boots";"Leg Armor";5;2;4.4
"Bandit Garb";"Chest Armor";10;5;7.7
"Bandit Manchettes";"Gauntlets";1;0;1.0
"Bandit Mask";"Helm";3;1;3.0
"Banished Knight Armor";"Chest Armor";13;28;17.5
"Banished Knight Armor (altered)";"Chest Armor";13;0;16.5
"Banished Knight Gauntlets";"Gauntlets";3;6;5.8
"Banished Knight Greaves";"Leg Armor";7;17;10.8
"Banished Knight Helm";"Helm";4;9;7.5
"Banished Knight Helm (altered)";"Helm";5;0;7.1
"Battlemage Legwraps";"Leg Armor";6;1;2.5
"Battlemage Manchettes";"Gauntlets";2;0;1.1
"Battlemage Robe";"Chest Armor";11;2;4.1
"Beast Champion Armor";"Chest Armor";13;28;16.0
"Beast Champion Armor (altered)";"Chest Armor";13;0;16.4
"Beast Champion Gauntlets";"Gauntlets";3;6;5.8
"Beast Champion Greaves";"Leg Armor";7;17;10.8
"Beast Champion Helm";"Helm";4;9;7.5
"Black Dumpling";"Helm";3;0;2.7
"Black Hood";"Helm";3;1;3.0
"Black Knife Armor";"Chest Armor";9;14;9.2
"Black Knife Armor (altered)";"Chest Armor";9;0;9.0
"Black Knife Gauntlets";"Gauntlets";2;3;3.1
"Black Knife Greaves";"Leg Armor";5;8;5.7
"Black Knife Hood";"Helm";3;4;3.8
"Black Wolf Mask";"Helm";4;8;5.9
"Blackflame Monk Armor";"Chest Armor";13;19;11.8
"Blackflame Monk Gauntlets";"Gauntlets";3;4;3.9
"Blackflame Monk Greave";"Leg Armor";7;11;7.3
"Blackflame Monk Hood";"Helm";4;5;4.0
"Blackguard's Iron Mask";"Helm";4;0;6.2
"Blaidd's Armor";"Chest Armor";12;24;13.7
"Blaidd's Armor (altered)";"Chest Armor";12;0;12.5
"Blaidd's Gauntlets";"Gauntlets";3;5;4.6
"Blaidd's Greaves";"Leg Armor";7;14;8.5
"Bloodhound Knight Armor";"Chest Armor";10;14;10.6
"Bloodhound Knight Armor (altered)";"Chest Armor";9;0;9.6
"Bloodhound Knight Gauntlets";"Gauntlets";2;3;3.5
"Bloodhound Knight Greaves";"Leg Armor";5;8;6.6
"Bloodhound Knight Helm";"Helm";3;4;4.6
"Bloodsoaked Manchettes";"Gauntlets";3;0;1.4
"Bloodsoaked Mask";"Helm";4;1;2.2
"Bloodsoaked Tabard";"Chest Armor";10;0;8.3
"Blue Cloth Cowl";"Helm";3;1;2.7
"Blue Cloth Vest";"Chest Armor";10;6;7.7
"Blue Festive Garb";"Chest Armor";11;0;4.1
"Blue Festive Hood";"Helm";4;0;1.7
"Blue Silver Bracelets";"Gauntlets";1;1;2.1
"Blue Silver Mail Armor";"Chest Armor";10;14;9.2
"Blue Silver Mail Armor (altered)";"Chest Armor";9;0;8.5
"Blue Silver Mail Hood";"Helm";3;4;3.8
"Blue Silver Mail Skirt";"Leg Armor";5;7;5.5
"Brave's Battlewear";"Chest Armor";12;0;4.1
"Brave's Battlewear (altered)";"Chest Armor";12;0;4.1
"Brave's Bracer";"Gauntlets";2;0;0.8
"Brave's Cord Circlet";"Helm";4;0;1.0
"Brave's Leather Helm";"Helm";3;0;3.8
"Brave's Legwraps";"Leg Armor";7;0;3.1
"Briar Armor";"Chest Armor";12;15;11.8
"Briar Armor (altered)";"Chest Armor";11;0;10.7
"Briar Gauntlets";"Gauntlets";3;3;3.9
"Briar Greaves";"Leg Armor";7;9;7.3
"Briar Helm";"Helm";4;5;5.1
"Bull-goat Armor";"Chest Armor";13;47;26.5
"Bull-goat Gauntlets";"Gauntlets";3;10;8.8
"Bull-goat Greaves";"Leg Armor";7;28;16.4
"Bull-goat Helm";"Helm";4;15;11.3
"Carian Knight Armor";"Chest Armor";11;12;10.6
"Carian Knight Armor (altered)";"Chest Armor";11;0;9.7
"Carian Knight Gauntlets";"Gauntlets";2;3;3.5
"Carian Knight Greaves";"Leg Armor";6;7;6.6
"Carian Knight Helm";"Helm";4;4;4.6
"Cerulean Tear Scarab";"Helm";4;2;5.1
"Chain Armor";"Chest Armor";10;12;8.8
"Chain Coif";"Helm";3;4;3.8
"Chain Gauntlets";"Gauntlets";2;3;2.9
"Chain Leggings";"Leg Armor";6;7;5.5
"Chain-draped Tabard";"Chest Armor";11;8;8.3
"Champion Bracers";"Gauntlets";2;1;2.1
"Champion Gauntlets";"Gauntlets";1;0;1.0
"Champion Headband";"Helm";3;2;2.7
"Champion Pauldron";"Chest Armor";8;3;5.1
"Cleanrot Armor";"Chest Armor";12;23;15.0
"Cleanrot Armor (altered)";"Chest Armor";12;0;13.7
"Cleanrot Gauntlets";"Gauntlets";3;5;5.0
"Cleanrot Greaves";"Leg Armor";7;13;9.3
"Cleanrot Helm";"Helm";4;7;6.4
"Cleanrot Helm (altered)";"Helm";4;0;5.5
"Cloth Garb";"Chest Armor";12;1;3.2
"Cloth Trousers";"Leg Armor";7;1;2.0
"Commoner's Garb";"Chest Armor";12;2;5.1
"Commoner's Garb (altered)";"Chest Armor";11;0;4.1
"Commoner's Headband";"Helm";4;0;1.4
"Commoner's Headband (altered)";"Helm";3;0;0.7
"Commoner's Shoes";"Leg Armor";6;1;2.0
"Commoner's Simple Garb";"Chest Armor";12;2;5.1
"Commoner's Simple Garb (altered)";"Chest Armor";12;0;4.1
"Confessor Armor";"Chest Armor";11;6;8.3
"Confessor Armor (altered)";"Chest Armor";10;0;7.3
"Confessor Boots";"Leg Armor";6;3;4.8
"Confessor Gloves";"Gauntlets";2;1;2.8
"Confessor Hood";"Helm";3;2;3.3
"Confessor Hood (altered)";"Helm";3;0;2.7
"Consort's Mask";"Helm";4;2;3.6
"Consort's Robe";"Chest Armor";12;1;4.1
"Consort's Trousers";"Leg Armor";7;1;2.5
"Corhyn's Robe";"Chest Armor";12;0;6.3
"Crimson Hood";"Helm";4;0;1.7
"Crimson Tear Scarab";"Helm";4;2;5.1
"Crucible Axe Armor";"Chest Armor";12;27;15.5
"Crucible Axe Armor (altered)";"Chest Armor";12;0;14.9
"Crucible Axe Helm";"Helm";4;9;6.6
"Crucible Gauntlets";"Gauntlets";3;6;5.2
"Crucible Greaves";"Leg Armor";7;16;9.6
"Crucible Tree Armor";"Chest Armor";11;27;15.5
"Crucible Tree Armor (altered)";"Chest Armor";11;0;14.9
"Crucible Tree Helm";"Helm";4;9;6.6
"Cuckoo Knight Armor";"Chest Armor";11;19;11.8
"Cuckoo Knight Armor (altered)";"Chest Armor";11;0;10.8
"Cuckoo Knight Gauntlets";"Gauntlets";2;4;3.9
"Cuckoo Knight Greaves";"Leg Armor";6;0;7.3
"Cuckoo Knight Helm";"Helm";4;6;5.1
"Cuckoo Surcoat";"Chest Armor";10;16;10.6
"Deathbed Dress";"Chest Armor";11;1;3.2
"Deathbed Smalls";"Leg Armor";6;0;2.0
"Depraved Perfumer Gloves";"Gauntlets";3;1;2.0
"Depraved Perfumer Headscarf";"Helm";4;1;2.1
"Depraved Perfumer Robe";"Chest Armor";12;2;5.0
"Depraved Perfumer Robe (altered)";"Chest Armor";12;0;4.0
"Depraved Perfumer Trousers";"Leg Armor";7;2;4.3
"Diallos's Mask";"Helm";3;5;4.6
"Dirty Chainmail";"Chest Armor";8;0;8.8
"Drake Knight Armor";"Chest Armor";11;0;9.2
"Drake Knight Armor (altered)";"Chest Armor";9;0;8.3
"Drake Knight Gauntlets";"Gauntlets";2;0;3.1
"Drake Knight Greaves";"Leg Armor";6;0;5.7
"Drake Knight Helm";"Helm";4;0;4.0
"Drake Knight Helm (altered)";"Helm";3;0;3.6
"Duelist Greaves";"Leg Armor";6;0;7.3
"Duelist Helm";"Helm";4;0;6.2
"Eccentric's Armor";"Chest Armor";10;15;10.6
"Eccentric's Breeches";"Leg Armor";5;6;5.1
"Eccentric's Hood";"Helm";3;4;4.0
"Eccentric's Hood (altered)";"Helm";3;0;4.0
"Eccentric's Manchettes";"Gauntlets";2;3;2.9
"Elden Lord Armor";"Chest Armor";11;14;9.2
"Elden Lord Armor (altered)";"Chest Armor";10;0;8.4
"Elden Lord Bracers";"Gauntlets";2;3;3.1
"Elden Lord Crown";"Helm";3;3;3.6
"Elden Lord Greaves";"Leg Armor";6;7;5.5
"Envoy Crown";"Helm";4;0;3.8
"Erdtree Surcoat";"Chest Armor";10;16;10.6
"Errant Sorcerer Boots";"Leg Armor";7;1;3.1
"Errant Sorcerer Manchettes";"Gauntlets";3;0;1.1
"Errant Sorcerer Robe";"Chest Armor";12;2;4.1
"Errant Sorcerer Robe (altered)";"Chest Armor";12;0;4.1
"Exile Armor";"Chest Armor";10;14;9.2
"Exile Gauntlets";"Gauntlets";2;3;2.9
"Exile Greaves";"Leg Armor";6;8;5.7
"Exile Hood";"Helm";3;4;4.0
"Eye Surcoat";"Chest Armor";10;15;9.2
"Fell Omen Cloak";"Chest Armor";12;2;5.1
"Festive Garb";"Chest Armor";11;0;4.1
"Festive Garb (altered)";"Chest Armor";11;0;3.2
"Festive Hood";"Helm";4;0;1.7
"Festive Hood (altered)";"Helm";3;0;1.0
"Fia's Hood";"Helm";4;0;1.7
"Fia's Robe";"Chest Armor";12;2;5.1
"Finger Maiden Fillet";"Helm";4;1;2.2
"Finger Maiden Robe";"Chest Armor";12;2;4.1
"Finger Maiden Robe (altered)";"Chest Armor";12;0;3.7
"Finger Maiden Shoes";"Leg Armor";7;1;2.5
"Fingerprint Armor";"Chest Armor";12;19;10.6
"Fingerprint Armor (altered)";"Chest Armor";12;0;10.0
"Fingerprint Gauntlets";"Gauntlets";3;0;3.5
"Fingerprint Greaves";"Leg Armor";7;0;6.6
"Fingerprint Helm";"Helm";4;6;4.6
"Fire Monk Armor";"Chest Armor";13;16;11.8
"Fire Monk Gauntlets";"Gauntlets";3;4;3.9
"Fire Monk Greaves";"Leg Armor";3;4;3.9
"Fire Monk Hood";"Helm";4;4;4.0
"Fire Prelate Armor";"Chest Armor";19;40;24.7
"Fire Prelate Armor (altered)";"Chest Armor";15;0;17.5
"Fire Prelate Gauntlets";"Gauntlets";5;9;8.2
"Fire Prelate Greaves";"Leg Armor";11;24;15.3
"Fire Prelate Helm";"Helm";7;13;10.6
"Foot Soldier Cap";"Helm";4;2;3.6
"Foot Soldier Gauntlets";"Gauntlets";2;1;2.6
"Foot Soldier Greaves";"Leg Armor";6;4;5.1
"Foot Soldier Helm";"Helm";4;2;3.6
"Foot Soldier Helmet";"Helm";2;1;2.6
"Foot Soldier Tabard";"Chest Armor";11;0;8.3
"Fur Leggings";"Leg Armor";4;1;3.1
"Fur Raiment";"Chest Armor";7;1;5.1
"Gelmir Knight Armor";"Chest Armor";12;19;11.8
"Gelmir Knight Armor (altered)";"Chest Armor";12;0;10.8
"Gelmir Knight Gauntlets";"Gauntlets";3;4;3.9
"Gelmir Knight Greaves";"Leg Armor";7;11;7.3
"Gelmir Knight Helm";"Helm";4;6;5.1
"Gilded Foot Soldier Cap";"Helm";3;0;3.6
"Glintstone Scarab";"Helm";4;2;5.1
"Godksin Noble Robe";"Chest Armor";12;5;6.3
"Godrick Knight Armor";"Chest Armor";11;19;11.8
"Godrick Knight Armor (altered)";"Chest Armor";11;0;10.8
"Godrick Knight Gauntlets";"Gauntlets";2;4;3.9
"Godrick Knight Greaves";"Leg Armor";6;11;7.3
"Godrick Knight Helm";"Helm";4;6;5.1
"Godrick Soldier Gauntlets";"Gauntlets";2;4;3.5
"Godrick Soldier Greaves";"Leg Armor";6;10;6.6
"Godrick Soldier Helm";"Helm";3;5;4.0
"Godskin Apostle Bracelets";"Gauntlets";3;1;2.1
"Godskin Apostle Hood";"Helm";4;1;2.2
"Godskin Apostle Robe";"Chest Armor";11;2;4.1
"Godskin Apostle Trousers";"Leg Armor";6;1;2.5
"Godskin Noble Bracelets";"Gauntlets";2;0;1.7
"Godskin Noble Hood";"Helm";4;1;1.7
"Godskin Noble Trousers";"Leg Armor";7;0;2.5
"Gold Bracelets";"Gauntlets";2;0;0.8
"Gold Waistwrap";"Leg Armor";7;0;4.4
"Golden Prosthetic";"Gauntlets";3;0;2.8
"Goldmask's Rags";"Chest Armor";11;0;2.4
"Grass Hair Ornament";"Helm";4;0;1.4
"Gravekeeper Cloak";"Chest Armor";9;0;6.3
"Gravekeeper Cloak (altered)";"Chest Armor";8;0;5.1
"Great Horned Headband";"Helm";3;1;3.3
"Greathelm";"Helm";4;7;5.9
"Greathood";"Helm";5;2;5.1
"Guardian Bracers";"Gauntlets";2;1;2.9
"Guardian Garb";"Chest Armor";10;4;7.7
"Guardian Garb (full Bloom)";"Chest Armor";2;0;8.8
"Guardian Greaves";"Leg Armor";6;3;5.5
"Guardian Mask";"Helm";4;2;3.8
"Guilty Hood";"Helm";4;0;1.4
"Haima Glintstone Crown";"Helm";4;2;2.7
"Haligtree Crest Surcoat";"Chest Armor";10;15;10.6
"Haligtree Gauntlets";"Gauntlets";2;3;3.5
"Haligtree Greaves";"Leg Armor";5;9;6.6
"Haligtree Helm";"Helm";3;4;4.0
"Haligtree Knight Armor";"Chest Armor";11;16;11.8
"Haligtree Knight Armor (altered)";"Chest Armor";11;0;10.8
"Haligtree Knight Gauntlets";"Gauntlets";2;4;3.9
"Haligtree Knight Greaves";"Leg Armor";6;10;7.3
"Haligtree Knight Helm";"Helm";4;5;5.1
"Hierodas Glintstone Crown";"Helm";4;2;3.0
"High Page Clothes";"Chest Armor";12;2;5.3
"High Page Clothes (altered)";"Chest Armor";12;0;4.3
"High Page Hood";"Helm";4;0;1.4
"Highwayman Cloth Armor";"Chest Armor";10;6;7.7
"Highwayman Gauntlets";"Gauntlets";2;1;2.6
"Highwayman Hood";"Helm";3;2;3.3
"Hoslow's Armor (altered)";"Chest Armor";11;0;10.8
"Hoslow's Gauntlets";"Gauntlets";2;4;3.9
"Hoslow's Greaves";"Leg Armor";6;10;7.3
"Hoslow's Helm";"Helm";4;6;5.5
"Iji's Mirrorhelm";"Helm";4;5;7.5
"Imp Head (cat)";"Helm";5;8;8.1
"Imp Head (corpse)";"Helm";5;8;8.1
"Imp Head (elder)";"Helm";5;8;8.1
"Imp Head (fanged)";"Helm";5;0;8.1
"Imp Head (long-tongued)";"Helm";5;8;8.1
"Imp Head (wolf)";"Helm";5;8;8.1
"Incantation Scarab";"Helm";4;2;5.1
"Iron Gauntlets";"Gauntlets";2;3;2.9
"Iron Helmet";"Helm";3;4;3.8
"Iron Kasa";"Helm";4;2;3.8
"Ivory-draped Tabard";"Chest Armor";10;0;8.3
"Jar";"Helm";4;0;6.8
"Juvenile Scholar Cap";"Helm";4;0;1.4
"Juvenile Scholar Robe";"Chest Armor";11;1;4.1
"Kaiden Armor";"Chest Armor";8;14;8.8
"Kaiden Gauntlets";"Gauntlets";2;3;2.9
"Kaiden Helm";"Helm";3;5;4.0
"Kaiden Trousers";"Leg Armor";4;7;5.1
"Knight Armor";"Chest Armor";10;19;10.6
"Knight Gauntlets";"Gauntlets";2;4;3.5
"Knight Greaves";"Leg Armor";6;11;6.6
"Knight Helm";"Helm";3;6;4.6
"Land Of Reeds Armor";"Chest Armor";11;6;8.3
"Land Of Reeds Gauntlets";"Gauntlets";2;1;2.8
"Land Of Reeds Greaves";"Leg Armor";6;4;5.1
"Land Of Reeds Helm";"Helm";4;2;3.6
"Lazuli Glintstone Crown";"Helm";4;3;5.1
"Lazuli Robe";"Chest Armor";11;0;4.1
"Leather Armor";"Chest Armor";9;2;7.1
"Leather Boots";"Leg Armor";5;1;4.4
"Leather Gloves";"Gauntlets";2;1;2.4
"Leather Trousers";"Leg Armor";5;8;5.5
"Leather-draped Tabard";"Chest Armor";10;8;8.3
"Leyndell Knight Armor";"Chest Armor";11;19;11.8
"Leyndell Knight Armor (altered)";"Chest Armor";11;0;10.8
"Leyndell Knight Gauntlets";"Gauntlets";2;4;3.9
"Leyndell Knight Greaves";"Leg Armor";6;11;7.3
"Leyndell Knight Helm";"Helm";4;6;5.1
"Leyndell Soldier Gauntlets";"Gauntlets";2;4;3.5
"Leyndell Soldier Greaves";"Leg Armor";5;10;6.6
"Leyndell Soldier Helm";"Helm";3;5;4.0
"Lionel's Armor";"Chest Armor";14;37;21.2
"Lionel's Armor (altered)";"Chest Armor";14;0;20.2
"Lionel's Gauntlets";"Gauntlets";3;8;7.1
"Lionel's Greaves";"Leg Armor";8;22;13.1
"Lionel's Helm";"Helm";5;12;9.1
"Lord Of Blood's Robe";"Chest Armor";12;8;8.1
"Lord Of Blood's Robe (altered)";"Chest Armor";12;0;7.5
"Lusat's Glintstone Crown";"Helm";4;0;3.6
"Lusat's Manchettes";"Gauntlets";2;0;1.1
"Lusat's Robe";"Chest Armor";12;0;7.1
"Malenia's Armor (altered)";"Chest Armor";6;0;6.8
"Malenia's Winged Helm";"Helm";3;4;4.0
"Malformed Dragon Armor";"Chest Armor";13;26;16.0
"Malformed Dragon Gauntlets";"Gauntlets";3;6;5.3
"Malformed Dragon Greaves";"Leg Armor";7;16;9.9
"Malformed Dragon Helm";"Helm";4;8;6.8
"Maliketh's Armor";"Chest Armor";11;19;12.8
"Maliketh's Armor (altered)";"Chest Armor";10;0;11.8
"Maliketh's Gauntlets";"Gauntlets";2;4;4.3
"Maliketh's Greaves";"Leg Armor";6;11;7.9
"Maliketh's Helm";"Helm";4;6;5.5
"Marais Mask";"Helm";4;1;2.2
"Marais Robe";"Chest Armor";12;2;4.1
"Marionette Soldier Armor";"Chest Armor";8;14;8.8
"Marionette Soldier Birdhelm";"Helm";3;5;3.8
"Marionette Soldier Helm";"Helm";3;4;3.8
"Marionette Soldier Helm";"Helm";3;4;3.8
"Mask Of Confidence";"Helm";4;2;3.6
"Mausoleum Gauntlets";"Gauntlets";2;4;3.5
"Mausoleum Greaves";"Leg Armor";5;11;6.6
"Mausoleum Knight Armor";"Chest Armor";11;21;11.8
"Mausoleum Knight Armor (altered)";"Chest Armor";11;0;10.8
"Mausoleum Knight Gauntlets";"Gauntlets";2;4;3.9
"Mausoleum Knight Greaves";"Leg Armor";6;12;7.3
"Mausoleum Surcoat";"Chest Armor";10;19;10.6
"Millicent's Gloves";"Gauntlets";2;0;1.1
"Mushroom Arms";"Gauntlets";1;0;1.7
"Mushroom Body";"Chest Armor";5;1;5.1
"Mushroom Crown";"Helm";3;9;9.1
"Mushroom Head";"Helm";1;0;2.2
"Mushroom Legs";"Leg Armor";3;1;3.1
"Navy Hood";"Helm";4;0;1.7
"Night Maiden Armor";"Chest Armor";11;0;8.3
"Night Maiden Twin Crown";"Helm";3;2;3.3
"Night's Cavalry Armor";"Chest Armor";12;21;12.8
"Night's Cavalry Armor (altered)";"Chest Armor";12;0;12.8
"Night's Cavalry Gauntlets";"Gauntlets";3;4;4.3
"Night's Cavalry Greaves";"Leg Armor";7;12;7.9
"Night's Cavalry Helm";"Helm";4;7;5.5
"Night's Cavalry Helm (altered)";"Helm";4;0;5.5
"Noble's Gloves";"Gauntlets";3;1;2.1
"Noble's Traveling Garb";"Chest Armor";13;2;6.3
"Noble's Trousers";"Leg Armor";7;1;3.9
"Nomadic Merchant's Chapeau";"Helm";3;1;3.0
"Nomadic Merchant's Finery";"Chest Armor";9;3;7.2
"Nomadic Merchant's Finery (altered)";"Chest Armor";8;0;6.1
"Nomadic Merchant's Trousers";"Leg Armor";5;0;4.4
"Nox Mirrorhelm";"Helm";5;4;7.5
"Nox Monk Armor";"Chest Armor";12;6;8.1
"Nox Monk Armor (altered)";"Chest Armor";11;0;7.4
"Nox Monk Bracelets";"Gauntlets";3;1;2.6
"Nox Monk Greaves";"Leg Armor";7;4;5.1
"Nox Monk Hood";"Helm";3;1;3.0
"Nox Monk Hood (altered)";"Helm";3;0;2.7
"Nox Swordstress Armor";"Chest Armor";10;0;8.3
"Nox Swordstress Armor (altered)";"Chest Armor";9;0;7.5
"Nox Swordstress Crown";"Helm";4;2;3.3
"Nox Swordstress Crown (altered)";"Helm";2;0;2.7
"Octopus Head";"Helm";3;2;3.6
"Official's Attire";"Chest Armor";11;0;4.1
"Okina Mask";"Helm";3;2;3.6
"Old Aristocrat Cowl";"Helm";3;0;2.2
"Old Aristocrat Gown";"Chest Armor";10;2;5.1
"Old Aristocrat Shoes";"Leg Armor";5;1;2.0
"Old Sorcerer Legwraps";"Leg Armor";6;1;2.5
"Olivinus Glintstone Crown";"Helm";4;3;5.1
"Omen Armor";"Chest Armor";14;40;23.1
"Omen Gauntlets";"Gauntlets";3;9;7.7
"Omen Greaves";"Leg Armor";8;24;14.3
"Omen Helm";"Helm";5;13;9.9
"Omenkiller Boots";"Leg Armor";5;4;4.4
"Omenkiller Long Gloves";"Gauntlets";2;1;2.4
"Omenkiller Robe";"Chest Armor";9;6;7.1
"Omensmirk Mask";"Helm";3;2;3.0
"Page Garb";"Chest Armor";12;2;5.1
"Page Garb (altered)";"Chest Armor";12;0;4.5
"Page Hood";"Helm";4;0;1.4
"Page Trousers";"Leg Armor";7;1;2.5
"Perfumer Gloves";"Gauntlets";2;0;1.4
"Perfumer Hood";"Helm";4;1;1.7
"Perfumer Robe";"Chest Armor";12;2;5.1
"Perfumer Robe (altered)";"Chest Armor";12;0;5.1
"Perfumer Sarong";"Leg Armor";6;1;2.5
"Perfumer's Traveling Garb";"Chest Armor";13;2;5.1
"Perfumer's Traveling Garb (altered)";"Chest Armor";13;0;5.1
"Preceptor's Big Hat";"Helm";4;2;3.6
"Preceptor's Gloves";"Gauntlets";3;1;2.1
"Preceptor's Long Gown";"Chest Armor";13;3;6.3
"Preceptor's Long Gown (altered)";"Chest Armor";12;0;3.2
"Preceptor's Trousers";"Leg Armor";7;2;3.9
"Prisoner Clothing";"Chest Armor";11;1;3.2
"Prisoner Iron Mask";"Helm";4;11;8.6
"Prisoner Trousers";"Leg Armor";6;1;2.0
"Prophet Blindfold";"Helm";4;0;1.0
"Prophet Robe";"Chest Armor";12;2;5.1
"Prophet Robe (altered)";"Chest Armor";12;0;5.1
"Prophet Trousers";"Leg Armor";7;1;3.1
"Pumpkin Helm";"Helm";4;9;12.3
"Queen's Bracelets";"Gauntlets";3;0;1.7
"Queen's Crescent Crown";"Helm";4;1;2.2
"Queen's Leggings";"Leg Armor";6;1;2.0
"Queen's Robe";"Chest Armor";12;2;5.1
"Radahn Soldier Gauntlets";"Gauntlets";2;4;3.5
"Radahn Soldier Greaves";"Leg Armor";6;10;6.6
"Radahn Soldier Helm";"Helm";3;5;4.0
"Radahn's Gauntlets";"Gauntlets";3;6;5.8
"Radahn's Greaves";"Leg Armor";8;17;10.8
"Radahn's Lion Armor";"Chest Armor";14;28;17.5
"Radahn's Lion Armor (altered)";"Chest Armor";14;0;16.4
"Radahn's Redmane Helm";"Helm";5;9;7.5
"Ragged Armor";"Chest Armor";11;0;9.2
"Ragged Armor (altered)";"Chest Armor";11;0;8.3
"Ragged Gloves";"Gauntlets";2;0;2.9
"Ragged Hat";"Helm";3;0;3.3
"Ragged Hat (altered)";"Helm";3;0;3.3
"Ragged Loincloth";"Leg Armor";5;0;3.1
"Raging Wolf Armor";"Chest Armor";11;15;10.6
"Raging Wolf Armor (altered)";"Chest Armor";10;0;9.0
"Raptor's Black Feathers";"Chest Armor";10;5;7.7
"Raya Lucarian Gauntlets";"Gauntlets";2;4;3.5
"Raya Lucarian Greaves";"Leg Armor";6;10;6.6
"Raya Lucarian Helm";"Helm";3;5;4.0
"Raya Lucarian Robe";"Chest Armor";12;1;4.1
"Redmane Knight Armor";"Chest Armor";12;19;11.8
"Redmane Knight Armor (altered)";"Chest Armor";12;0;10.8
"Redmane Knight Greaves";"Leg Armor";7;11;7.3
"Redmane Knight Helm";"Gauntlets";3;4;3.9
"Redmane Knight Helm";"Helm";4;6;5.1
"Redmane Surcoat";"Chest Armor";11;16;10.6
"Ronin's Armor";"Chest Armor";12;6;8.5
"Ronin's Armor (altered)";"Chest Armor";10;0;7.6
"Ronin's Gauntlets";"Gauntlets";3;2;3.1
"Ronin's Greaves";"Leg Armor";7;5;5.7
"Rotten Duelist Greaves";"Leg Armor";6;10;7.3
"Rotten Duelist Helm";"Helm";4;8;6.4
"Rotten Gravekeeper Cloak";"Chest Armor";8;2;6.3
"Rotten Gravekeeper Cloak (altered)";"Chest Armor";8;0;5.1
"Royal Knight Armor";"Chest Armor";13;0;15.5
"Royal Knight Armor (altered)";"Chest Armor";13;0;15.0
"Royal Knight Gauntlets";"Gauntlets";3;0;5.2
"Royal Knight Greaves";"Leg Armor";7;0;9.6
"Royal Knight Helm";"Helm";4;0;6.6
"Royal Remains Armor";"Chest Armor";10;15;10.6
"Royal Remains Gauntlets";"Gauntlets";2;3;3.5
"Royal Remains Greaves";"Leg Armor";5;9;6.6
"Royal Remains Helm";"Helm";3;5;4.6
"Ruler's Mask";"Helm";4;1;2.2
"Ruler's Robe";"Chest Armor";11;2;4.1
"Sacred Crown Helm";"Helm";3;0;3.6
"Sage Hood";"Helm";4;1;2.2
"Sage Robe";"Chest Armor";12;2;5.1
"Sage Trousers";"Leg Armor";7;1;2.5
"Sanguine Noble Hood";"Helm";3;0;1.4
"Sanguine Noble Robe";"Chest Armor";11;2;5.1
"Scale Armor";"Chest Armor";10;14;8.8
"Scaled Armor";"Chest Armor";13;27;16.0
"Scaled Armor (altered)";"Chest Armor";13;0;15.0
"Scaled Gauntlets";"Gauntlets";3;6;5.3
"Scaled Greaves";"Leg Armor";7;16;9.9
"Scaled Helm";"Helm";4;9;6.8
"Scarlet Tabard";"Chest Armor";11;0;8.3
"Shaman Furs";"Chest Armor";7;2;5.1
"Shaman Leggings";"Leg Armor";4;1;3.1
"Shining Horned Headband";"Helm";3;2;3.3
"Silver Tear Mask";"Helm";5;3;4.6
"Skeletal Mask";"Helm";3;1;3.0
"Snow Witch Hat";"Helm";4;1;2.2
"Snow Witch Robe";"Chest Armor";13;2;5.1
"Snow Witch Robe (altered)";"Chest Armor";13;0;4.6
"Snow Witch Skirt";"Leg Armor";7;1;3.1
"Sorcerer Leggings";"Leg Armor";6;0;2.0
"Sorcerer Manchettes";"Gauntlets";1;0;1.0
"Spellblade's Gloves";"Gauntlet";2;0;1.2
"Spellblade's Pointed Hat";"Helm";3;0;1.5
"Spellblade's Traveling Attire";"Chest Armor";11;1;3.3
"Spellblade's Traveling Attire (altered)";"Chest Armor";10;0;2.5
"Spellblade's Trousers";"Leg Armor";6;1;2.6
"Traveler's Boots";"Leg Armor";7;1;3.1
"Traveler's Clothes";"Chest Armor";12;2;4.1
"Traveler's Gloves";"Gauntlets";3;0;1.4
"Traveler's Hat";"Helm";4;1;1.7
"Traveler's Manchettes";"Gauntlets";3;1;1.7
"Traveler's Slops";"Leg Armor";7;1;2.5
"Traveling Maiden Boots";"Leg Armor";7;1;3.1
"Traveling Maiden Gloves";"Gauntlets";3;1;1.7
"Traveling Maiden Hood";"Helm";4;1;1.7
"Traveling Maiden Robe";"Chest Armor";12;2;5.1
"Traveling Maiden Robe (altered)";"Chest Armor";12;0;4.3
"Tree Sentinel Armor";"Chest Armor";17;28;18.9
"Tree Sentinel Armor (altered)";"Chest Armor";16;0;18.1
"Tree Sentinel Gauntlets";"Gauntlets";4;6;6.3
"Tree Sentinel Greaves";"Leg Armor";9;17;11.7
"Tree Sentinel Helm";"Helm";6;9;8.1
"Tree Surcoat";"Chest Armor";10;0;9.2
"Tree-and-beast Surcoat";"Chest Armor";10;16;10.6
"Twinned Armor";"Chest Armor";12;21;13.7
"Twinned Armor (altered)";"Chest Armor";11;0;12.8
"Twinned Gauntlets";"Gauntlets";2;4;3.9
"Twinned Greaves";"Leg Armor";6;10;7.3
"Twinned Helm";"Helm";4;5;5.1
"Twinsage Glintstone Crown";"Helm";4;3;5.1
"Upper-class Robe";"Chest Armor";11;2;4.1
"Vagabond Knight Armor";"Chest Armor";10;15;10.6
"Vagabond Knight Armor (altered)";"Chest Armor";10;0;9.6
"Vagabond Knight Gauntlets";"Gauntlets";2;3;3.5
"Vagabond Knight Greaves";"Leg Armor";5;8;5.7
"Vagabond Knight Helm";"Helm";3;4;4.0
"Veteran's Armor";"Chest Armor";14;37;18.9
"Veteran's Armor (altered)";"Chest Armor";13;0;17.2
"Veteran's Gauntlets";"Gauntlets";3;8;6.3
"Veteran's Greaves";"Leg Armor";8;22;11.7
"Veteran's Helm";"Helm";5;12;8.1
"Vulgar Militia Armor";"Chest Armor";10;6;7.7
"Vulgar Militia Gauntlets";"Gauntlets";2;1;2.1
"Vulgar Militia Greaves";"Leg Armor";6;4;5.1
"Vulgar Militia Helm";"Helm";3;2;3.6
"War Surgeon Gloves";"Gauntlets";2;0;2.3
"War Surgeon Gown";"Chest Armor";10;0;6.9
"War Surgeon Gown (altered)";"Chest Armor";9;0;6.1
"War Surgeon Trousers";"Leg Armor";5;0;4.2
"Warrior Gauntlets";"Gauntlets";2;1;2.6
"Warrior Greaves";"Leg Armor";6;4;4.8
"White Mask";"Helm";3;0;3.2
"White Reed Armor";"Chest Armor";10;8;8.3
"White Reed Gauntlets";"Gauntlets";2;2;2.8
"White Reed Greaves";"Leg Armor";6;4;5.1
"Witch's Glintstone Crown";"Helm";4;3;5.1
"Zamor Armor";"Chest Armor";8;14;8.8
"Zamor Bracelets";"Gauntlets";1;3;2.8
"Zamor Legwraps";"Leg Armor";4;7;5.1
"Zamor Mask";"Helm";3;4;3.8
